2,77,133,3m-light gray.png,500,423
3,71,185,3m-light gray.png,500,423
4,76,232,3m-light gray.png,500,423
5,95,287,3m-light gray.png,500,423
6,124,335,3m-light gray.png,500,423
7,160,365,3m-light gray.png,500,423
8,205,390,3m-light gray.png,500,423
9,249,400,3m-light gray.png,500,423
10,297,390,3m-light gray.png,500,423
11,336,366,3m-light gray.png,500,423
12,369,334,3m-light gray.png,500,423
13,397,286,3m-light gray.png,500,423
14,414,234,3m-light gray.png,500,423
15,426,185,3m-light gray.png,500,423
16,415,133,3m-light gray.png,500,423
30,249,32,3m-light gray.png,500,423