2,44,187,camo-green.png,500,500
3,52,243,camo-green.png,500,500
4,60,289,camo-green.png,500,500
5,84,336,camo-green.png,500,500
6,113,373,camo-green.png,500,500
7,146,401,camo-green.png,500,500
8,195,422,camo-green.png,500,500
9,254,437,camo-green.png,500,500
10,314,420,camo-green.png,500,500
11,359,396,camo-green.png,500,500
12,393,367,camo-green.png,500,500
13,416,336,camo-green.png,500,500
14,438,287,camo-green.png,500,500
15,447,241,camo-green.png,500,500
16,456,187,camo-green.png,500,500
30,250,140,camo-green.png,500,500