2,159,437,navyblue-mask.png,1000,1000
3,138,522,navyblue-mask.png,1000,1000
4,140,622,navyblue-mask.png,1000,1000
5,172,705,navyblue-mask.png,1000,1000
6,251,773,navyblue-mask.png,1000,1000
7,328,832,navyblue-mask.png,1000,1000
8,410,854,navyblue-mask.png,1000,1000
9,494,865,navyblue-mask.png,1000,1000
10,613,856,navyblue-mask.png,1000,1000
11,707,825,navyblue-mask.png,1000,1000
12,782,773,navyblue-mask.png,1000,1000
13,843,703,navyblue-mask.png,1000,1000
14,869,616,navyblue-mask.png,1000,1000
15,856,518,navyblue-mask.png,1000,1000
16,839,434,navyblue-mask.png,1000,1000
30,493,197,navyblue-mask.png,1000,1000